﻿<?xml version="1.0" encoding="utf-8"?>
<publishData>
  <publishProfile publishUrl="ftp://jobs/" deleteExistingFiles="True" ftpAnonymousLogin="False" ftpPassiveMode="True" msdeploySite="" msdeploySiteID="" msdeployRemoteSitePhysicalPath="" msdeployAllowUntrustedCertificate="False" msdeploySkipExtraFilesOnServer="True" msdeployMarkAsApp="False" profileName="Profile1" publishMethod="FTP" replaceMatchingFiles="False" userName="admin" savePWD="True" userPWD="AQAAANCMnd8BFdERjHoAwE/Cl+sBAAAAW7QUe6dDO0u4GwolyFfjvQAAAAACAAAAAAADZgAAwAAAABAAAAAJi6z8MVs4eLVjsByly1x2AAAAAASAAACgAAAAEAAAANPynBKwQbV+U7cEd6wi6LkIAAAA7aseFktfnXwUAAAAgMEPwFkaoaMPK5djmvPXsETNBKU=" SelectedForPublish="True">
    <file relUrl="bin/ru/AjaxControlToolkit.resources.dll" publishTime="05/12/2010 12:10:30" />
    <file relUrl="bin/WebApp7.dll" publishTime="05/05/2011 13:00:24" />
    <file relUrl="MemberPage/Profile.aspx" publishTime="02/28/2011 12:35:28" />
    <file relUrl="Scripts/jquery-1.4.1.min.js" publishTime="02/23/2011 17:12:01" />
    <file relUrl="bin/WebApp7.pdb" publishTime="05/05/2011 13:00:23" />
    <file relUrl="IMG/bgr_login_Jobs.png" publishTime="03/22/2011 15:15:18" />
    <file relUrl="bin/IMG/bgr_login_Jobs.png" publishTime="03/22/2011 15:15:18" />
    <file relUrl="bin/es/AjaxControlToolkit.resources.dll" publishTime="05/12/2010 12:10:28" />
    <file relUrl="Scripts/jquery-1.4.1.js" publishTime="02/23/2011 17:12:00" />
    <file relUrl="bin/hi/AjaxControlToolkit.resources.dll" publishTime="05/12/2010 12:10:30" />
    <file relUrl="MemberPage/AnnoncePage.aspx" publishTime="05/04/2011 17:34:43" />
    <file relUrl="MemberPage/MesRecherches.aspx" publishTime="04/22/2011 15:47:51" />
    <file relUrl="bin/zh-CHT/AjaxControlToolkit.resources.dll" publishTime="05/12/2010 12:10:32" />
    <file relUrl="IMG/bgr_header_Jobs.png" publishTime="03/22/2011 15:15:14" />
    <file relUrl="MemberPage/ChangePasswordPage.aspx" publishTime="02/28/2011 16:31:47" />
    <file relUrl="WebIni.aspx" publishTime="03/22/2011 14:10:24" />
    <file relUrl="MemberPage/MemberPages.Master" publishTime="04/21/2011 16:31:41" />
    <file relUrl="MemberPage/MemberPage1.aspx" publishTime="05/04/2011 17:31:32" />
    <file relUrl="bin/tr-TR/AjaxControlToolkit.resources.dll" publishTime="05/12/2010 12:10:32" />
    <file relUrl="MembershipPages/PasswordRecoveryPage.aspx" publishTime="03/15/2011 10:49:27" />
    <file relUrl="bin/AjaxControlToolkit.pdb" publishTime="05/12/2010 12:10:28" />
    <file relUrl="bin/de/AjaxControlToolkit.resources.dll" publishTime="05/12/2010 12:10:28" />
    <file relUrl="bin/zh-CHS/AjaxControlToolkit.resources.dll" publishTime="05/12/2010 12:10:32" />
    <file relUrl="bin/AjaxControlToolkit.dll" publishTime="05/12/2010 12:10:28" />
    <file relUrl="IMG/arrow1.jpg" publishTime="04/22/2011 16:35:55" />
    <file relUrl="bin/Mono.Security.dll" publishTime="08/27/2005 00:59:12" />
    <file relUrl="Default.aspx" publishTime="04/19/2011 15:22:23" />
    <file relUrl="bin/he/AjaxControlToolkit.resources.dll" publishTime="05/12/2010 12:10:30" />
    <file relUrl="bin/nunit.framework.xml" publishTime="12/14/2010 14:18:04" />
    <file relUrl="bin/fr/AjaxControlToolkit.resources.dll" publishTime="05/12/2010 12:10:30" />
    <file relUrl="bin/IMG/bgr_header_Jobs.png" publishTime="03/22/2011 15:15:14" />
    <file relUrl="MembershipPages/CreateNewUserPage.aspx" publishTime="03/04/2011 17:36:16" />
    <file relUrl="bin/nl/AjaxControlToolkit.resources.dll" publishTime="05/12/2010 12:10:30" />
    <file relUrl="bin/nunit.framework.dll" publishTime="12/14/2010 14:18:04" />
    <file relUrl="bin/Npgsql.dll" publishTime="08/27/2005 00:59:12" />
    <file relUrl="bin/it/AjaxControlToolkit.resources.dll" publishTime="05/12/2010 12:10:30" />
    <file relUrl="Scripts/html5.js" publishTime="03/15/2011 11:35:06" />
    <file relUrl="Web.config" publishTime="05/05/2011 13:02:04" />
    <file relUrl="bin/cs/AjaxControlToolkit.resources.dll" publishTime="05/12/2010 12:10:28" />
    <file relUrl="bin/pt/AjaxControlToolkit.resources.dll" publishTime="05/12/2010 12:10:30" />
    <file relUrl="bin/ar/AjaxControlToolkit.resources.dll" publishTime="05/12/2010 12:10:28" />
    <file relUrl="MemberPage/RechercherPage.aspx" publishTime="05/03/2011 17:03:11" />
    <file relUrl="bin/NUnitAsp.dll" publishTime="06/21/2007 00:56:28" />
    <file relUrl="bin/ko/AjaxControlToolkit.resources.dll" publishTime="05/12/2010 12:10:30" />
    <file relUrl="bin/ja/AjaxControlToolkit.resources.dll" publishTime="05/12/2010 12:10:30" />
    <file relUrl="Scripts/jquery-1.4.1-vsdoc.js" publishTime="02/23/2011 17:12:00" />
  </publishProfile>
</publishData>